timestamp,frame_id,state,motion_type,target_x,target_y,cam_x,cam_y,pan_deg,tilt_deg,error_px,kalman_error_px,fps,latency_ms,noise_mode,atmosphere_mode
0.386,1,SEARCHING,horizontal,453.20,1000.00,1029.00,1030.00,0.18,0.19,NaN,NaN,27.3,170.55,none,clear
0.427,2,SEARCHING,horizontal,456.40,1000.00,1011.00,1075.00,0.07,0.47,NaN,NaN,27.0,2.97,none,clear
0.473,3,SEARCHING,horizontal,459.60,1000.00,969.00,1095.00,-0.19,0.59,NaN,NaN,26.4,1.52,none,clear
0.523,4,SEARCHING,horizontal,462.80,1000.00,923.00,1093.00,-0.48,0.58,NaN,NaN,25.8,3.52,none,clear
0.564,5,SEARCHING,horizontal,466.00,1000.00,883.00,1073.00,-0.73,0.46,NaN,NaN,25.7,3.52,none,clear
0.613,6,SEARCHING,horizontal,469.20,1000.00,852.00,1041.00,-0.93,0.26,NaN,NaN,25.1,3.64,none,clear
0.663,7,SEARCHING,horizontal,472.40,1000.00,832.00,1001.00,-1.05,0.01,NaN,NaN,24.6,3.52,none,clear
0.709,8,SEARCHING,horizontal,475.60,1000.00,824.00,958.00,-1.10,-0.26,NaN,NaN,24.3,3.00,none,clear
0.755,9,SEARCHING,horizontal,478.80,1000.00,827.00,914.00,-1.08,-0.54,NaN,NaN,24.1,3.01,none,clear
0.804,10,SEARCHING,horizontal,482.00,1000.00,840.00,873.00,-1.00,-0.79,NaN,NaN,23.7,4.44,none,clear
0.849,11,SEARCHING,horizontal,485.20,1000.00,862.00,835.00,-0.86,-1.03,NaN,NaN,23.6,3.10,none,clear
0.897,12,SEARCHING,horizontal,488.40,1000.00,891.00,802.00,-0.68,-1.24,NaN,NaN,23.3,5.25,none,clear
0.940,13,SEARCHING,horizontal,491.60,1000.00,926.00,776.00,-0.46,-1.40,NaN,NaN,23.3,1.87,none,clear
0.986,14,SEARCHING,horizontal,494.80,1000.00,965.00,758.00,-0.22,-1.51,NaN,NaN,23.1,2.50,none,clear
1.035,15,SEARCHING,horizontal,498.00,1000.00,1007.00,746.00,0.04,-1.59,NaN,NaN,22.9,2.54,none,clear
1.083,16,SEARCHING,horizontal,501.20,1000.00,1050.00,742.00,0.31,-1.61,NaN,NaN,22.6,3.41,none,clear
1.130,17,SEARCHING,horizontal,504.40,1000.00,1093.00,745.00,0.58,-1.59,NaN,NaN,22.5,1.99,none,clear
1.173,18,SEARCHING,horizontal,507.60,1000.00,1135.00,755.00,0.84,-1.53,NaN,NaN,22.6,3.08,none,clear
1.222,19,SEARCHING,horizontal,510.80,1000.00,1175.00,772.00,1.09,-1.43,NaN,NaN,22.4,2.50,none,clear
1.272,20,SEARCHING,horizontal,514.00,1000.00,1212.00,795.00,1.32,-1.28,NaN,NaN,22.1,4.95,none,clear
1.313,21,SEARCHING,horizontal,517.20,1000.00,1245.00,822.00,1.53,-1.11,NaN,NaN,22.4,2.57,none,clear
1.367,22,SEARCHING,horizontal,520.40,1000.00,1273.00,855.00,1.71,-0.91,NaN,NaN,22.0,5.02,none,clear
1.413,23,SEARCHING,horizontal,523.60,1000.00,1297.00,890.00,1.86,-0.69,NaN,NaN,22.0,3.66,none,clear
1.459,24,SEARCHING,horizontal,526.80,1000.00,1316.00,929.00,1.98,-0.44,NaN,NaN,21.9,3.90,none,clear
1.504,25,SEARCHING,horizontal,530.00,1000.00,1329.00,970.00,2.06,-0.19,NaN,NaN,22.0,2.01,none,clear
1.551,26,SEARCHING,horizontal,533.20,1000.00,1337.00,1013.00,2.11,0.08,NaN,NaN,21.9,2.09,none,clear
1.600,27,SEARCHING,horizontal,536.40,1000.00,1340.00,1056.00,2.12,0.35,NaN,NaN,21.8,2.99,none,clear
1.647,28,SEARCHING,horizontal,539.60,1000.00,1337.00,1098.00,2.11,0.61,NaN,NaN,21.7,5.15,none,clear
1.691,29,SEARCHING,horizontal,542.80,1000.00,1328.00,1141.00,2.05,0.88,NaN,NaN,21.8,2.00,none,clear
1.739,30,SEARCHING,horizontal,546.00,1000.00,1315.00,1181.00,1.97,1.13,NaN,NaN,21.7,3.00,none,clear
1.787,31,SEARCHING,horizontal,549.20,1000.00,1297.00,1220.00,1.86,1.38,NaN,NaN,21.6,3.01,none,clear
1.834,32,SEARCHING,horizontal,552.40,1000.00,1274.00,1257.00,1.71,1.61,NaN,NaN,21.6,3.65,none,clear
1.881,33,SEARCHING,horizontal,555.60,1000.00,1247.00,1291.00,1.54,1.82,NaN,NaN,21.5,3.99,none,clear
1.927,34,SEARCHING,horizontal,558.80,1000.00,1217.00,1321.00,1.36,2.01,NaN,NaN,21.6,1.98,none,clear
1.975,35,SEARCHING,horizontal,562.00,1000.00,1183.00,1348.00,1.14,2.17,NaN,NaN,21.5,4.66,none,clear
2.018,36,SEARCHING,horizontal,565.20,1000.00,1147.00,1371.00,0.92,2.32,NaN,NaN,21.7,1.99,none,clear
2.069,37,SEARCHING,horizontal,568.40,1000.00,1109.00,1390.00,0.68,2.44,NaN,NaN,21.5,5.00,none,clear
2.114,38,SEARCHING,horizontal,571.60,1000.00,1068.00,1405.00,0.42,2.53,NaN,NaN,21.5,3.75,none,clear
2.163,39,SEARCHING,horizontal,574.80,1000.00,1027.00,1415.00,0.17,2.59,NaN,NaN,21.4,4.67,none,clear
2.208,40,SEARCHING,horizontal,578.00,1000.00,984.00,1421.00,-0.10,2.63,NaN,NaN,21.5,2.99,none,clear
2.257,41,SEARCHING,horizontal,581.20,1000.00,941.00,1423.00,-0.37,2.64,NaN,NaN,21.4,5.01,none,clear
2.305,42,SEARCHING,horizontal,584.40,1000.00,898.00,1420.00,-0.64,2.62,NaN,NaN,21.3,5.71,none,clear
2.352,43,SEARCHING,horizontal,587.60,1000.00,856.00,1413.00,-0.90,2.58,NaN,NaN,21.3,5.50,none,clear
2.399,44,SEARCHING,horizontal,590.80,1000.00,815.00,1402.00,-1.16,2.51,NaN,NaN,21.3,6.00,none,clear
2.446,45,SEARCHING,horizontal,594.00,1000.00,774.00,1387.00,-1.41,2.42,NaN,NaN,21.3,5.43,none,clear
2.493,46,SEARCHING,horizontal,597.20,1000.00,736.00,1368.00,-1.65,2.30,NaN,NaN,21.3,5.54,none,clear
2.536,47,SEARCHING,horizontal,600.40,1000.00,699.00,1346.00,-1.88,2.16,NaN,NaN,21.5,1.93,none,clear
2.587,48,SEARCHING,horizontal,603.60,1000.00,665.00,1320.00,-2.09,2.00,NaN,NaN,21.3,5.43,none,clear
2.632,49,SEARCHING,horizontal,606.80,1000.00,633.00,1291.00,-2.29,1.82,NaN,NaN,21.4,3.43,none,clear
2.678,50,SEARCHING,horizontal,610.00,1000.00,605.00,1259.00,-2.47,1.62,NaN,NaN,21.4,1.93,none,clear
2.727,51,SEARCHING,horizontal,613.20,1000.00,579.00,1225.00,-2.63,1.41,NaN,NaN,21.3,3.00,none,clear
2.775,52,ACQUIRING,horizontal,616.40,1000.00,585.00,1182.00,-2.59,1.14,228.02,228.02,21.3,4.65,none,clear
3.237,53,ACQUIRING,horizontal,619.60,1000.00,592.00,1140.00,-2.55,0.88,195.03,195.03,19.4,2.00,none,clear
3.286,54,ACQUIRING,horizontal,622.80,1000.00,600.00,1098.00,-2.50,0.61,171.64,171.64,19.4,1.96,none,clear
3.329,55,ACQUIRING,horizontal,626.00,1000.00,609.00,1056.00,-2.44,0.35,148.51,148.51,19.8,2.04,none,clear
3.377,56,ACQUIRING,horizontal,629.20,1000.00,618.00,1014.00,-2.39,0.09,124.91,124.91,20.0,1.00,none,clear
3.426,57,ACQUIRING,horizontal,632.40,1000.00,628.00,972.00,-2.33,-0.17,100.63,100.63,20.0,2.00,none,clear
3.478,58,ACQUIRING,horizontal,635.60,1000.00,640.00,932.00,-2.25,-0.42,75.56,75.56,19.9,1.99,none,clear
3.526,59,ACQUIRING,horizontal,638.80,1000.00,650.00,905.00,-2.19,-0.59,49.88,49.88,20.0,3.00,none,clear
3.572,60,ACQUIRING,horizontal,642.00,1000.00,658.00,890.00,-2.14,-0.69,25.79,25.79,20.2,2.52,none,clear
3.618,61,TRACKING,horizontal,645.20,1000.00,664.00,887.00,-2.10,-0.71,9.21,9.21,20.3,2.00,none,clear
3.665,62,TRACKING,horizontal,648.40,1000.00,668.00,895.00,-2.08,-0.66,20.45,20.45,20.4,2.01,none,clear
3.710,63,TRACKING,horizontal,651.60,1000.00,671.00,913.00,-2.06,-0.54,35.44,35.44,20.6,1.00,none,clear
3.754,64,TRACKING,horizontal,654.80,1000.00,672.00,938.00,-2.05,-0.39,46.77,46.77,20.8,1.51,none,clear
3.804,65,TRACKING,horizontal,658.00,1000.00,672.00,968.00,-2.05,-0.20,53.76,53.76,20.8,2.06,none,clear
3.847,66,TRACKING,horizontal,661.20,1000.00,670.00,1001.00,-2.06,0.01,56.28,56.28,21.0,4.34,none,clear
3.895,67,TRACKING,horizontal,664.40,1000.00,668.00,1034.00,-2.08,0.21,54.41,54.41,21.0,3.02,none,clear
3.943,68,TRACKING,horizontal,667.60,1000.00,666.00,1065.00,-2.09,0.41,48.55,48.55,21.0,2.52,none,clear
3.985,69,TRACKING,horizontal,670.80,1000.00,664.00,1092.00,-2.10,0.57,39.30,39.30,21.2,3.01,none,clear
4.034,70,TRACKING,horizontal,674.00,1000.00,662.00,1113.00,-2.11,0.71,27.42,27.42,21.2,2.53,none,clear
4.082,71,TRACKING,horizontal,677.20,1000.00,661.00,1127.00,-2.12,0.79,13.84,13.84,21.1,2.51,none,clear
4.130,72,TRACKING,horizontal,680.40,1000.00,661.00,1133.00,-2.12,0.83,1.30,1.30,21.1,2.32,none,clear
4.173,73,TRACKING,horizontal,683.60,1000.00,663.00,1131.00,-2.11,0.82,14.65,14.65,21.3,3.27,none,clear
4.223,74,TRACKING,horizontal,686.80,1000.00,666.00,1122.00,-2.09,0.76,27.42,27.42,21.2,2.53,none,clear
4.269,75,TRACKING,horizontal,690.00,1000.00,670.00,1106.00,-2.06,0.66,38.19,38.19,21.2,2.00,none,clear
4.317,76,TRACKING,horizontal,693.20,1000.00,676.00,1084.00,-2.02,0.53,46.23,46.23,21.2,2.00,none,clear
4.364,77,TRACKING,horizontal,696.40,1000.00,683.00,1058.00,-1.98,0.36,51.00,51.00,21.2,2.18,none,clear
4.411,78,TRACKING,horizontal,699.60,1000.00,690.00,1030.00,-1.94,0.19,52.29,52.29,21.2,2.00,none,clear
4.458,79,TRACKING,horizontal,702.80,1000.00,698.00,1002.00,-1.89,0.01,50.12,50.12,21.2,2.01,none,clear
4.506,80,TRACKING,horizontal,706.00,1000.00,706.00,976.00,-1.84,-0.15,44.75,44.75,21.2,2.00,none,clear
4.551,81,TRACKING,horizontal,709.20,1000.00,714.00,953.00,-1.79,-0.29,36.70,36.70,21.3,2.00,none,clear
4.598,82,TRACKING,horizontal,712.40,1000.00,721.00,935.00,-1.74,-0.41,26.57,26.57,21.3,2.10,none,clear
4.645,83,TRACKING,horizontal,715.60,1000.00,728.00,923.00,-1.70,-0.48,15.27,15.27,21.3,2.00,none,clear
4.693,84,TRACKING,horizontal,718.80,1000.00,734.00,918.00,-1.66,-0.51,4.67,4.67,21.2,2.57,none,clear
4.741,85,TRACKING,horizontal,722.00,1000.00,738.00,919.00,-1.64,-0.51,9.52,9.52,21.2,2.15,none,clear
4.788,86,TRACKING,horizontal,725.20,1000.00,741.00,926.00,-1.62,-0.46,19.62,19.62,21.2,3.00,none,clear
4.835,87,TRACKING,horizontal,728.40,1000.00,743.00,939.00,-1.61,-0.38,28.25,28.25,21.2,2.56,none,clear
4.880,88,TRACKING,horizontal,731.60,1000.00,744.00,956.00,-1.60,-0.28,34.60,34.60,21.3,1.95,none,clear
4.927,89,TRACKING,horizontal,734.80,1000.00,745.00,976.00,-1.59,-0.15,38.35,38.35,21.3,2.02,none,clear
4.969,90,TRACKING,horizontal,738.00,1000.00,745.00,998.00,-1.59,-0.01,39.35,39.35,21.6,2.04,none,clear
5.021,91,TRACKING,horizontal,741.20,1000.00,745.00,1020.00,-1.59,0.12,37.58,37.58,21.3,2.00,none,clear
5.068,92,TRACKING,horizontal,744.40,1000.00,745.00,1040.00,-1.59,0.25,33.29,33.29,21.3,4.00,none,clear
5.113,93,TRACKING,horizontal,747.60,1000.00,745.00,1057.00,-1.59,0.36,26.90,26.90,21.4,2.27,none,clear
5.160,94,TRACKING,horizontal,750.80,1000.00,745.00,1071.00,-1.59,0.44,18.97,18.97,21.4,3.18,none,clear
5.426,95,TRACKING,horizontal,754.00,1000.00,746.00,1080.00,-1.59,0.50,10.00,10.00,19.6,2.97,none,clear
